itemid,name,price,price_max,price_before,discount,stock,sold,rating,rating_count,liked_count,brand,in_stock,free_shipping,cod,source,thumbnail,url
11374013636,คลอโรฟิลล์ชนิดน้ำ คลอโรฟิลล์ ชัยมงคล (1ขวด 473 มล.),1188.0,1188.0,1188.0,0,1,761,4.88,498,49,Bansamonprai Chaimongkol(บ้านสมุนไพรชัยมงคล),True,False,False,search_api,https://down-th.img.susercontent.com/file/th-11134207-7r98w-lv8g63g55icd8a,https://shopee.co.th/happyprice.sh/product/446101543/11374013636
5190686352,Bio Astin สาหร่ายแดง ไบโอแอสติน ผลิตภัณฑ์อาหารเสริมสกัดจากสาหร่ายแดง (1 x 60 เม็ด),690.0,690.0,690.0,0,1,7,5,2,1,Bioastin(ไบโอแอสติน),True,False,False,search_api,https://down-th.img.susercontent.com/file/c185aece52f024b9937125daa92b25a4,https://shopee.co.th/happyprice.sh/product/446101543/5190686352
23250866082,กลูต้าเบลล์ เลอรีน Bell Lerine กลูต้ามะเขือเทศผสมคอลลาเจน ลดรอยสิว ริ้วรอย ฝ้า กระ 30เม็ด,99.0,99.0,99.0,0,1,1,5,2,2,Bell Lerine(เบลล์ เลอรีน),True,False,False,search_api,https://down-th.img.susercontent.com/file/sg-11134201-7qvcx-lk9c4390gxj0fc,https://shopee.co.th/happyprice.sh/product/446101543/23250866082
4690676065,Bio Astin สาหร่ายแดง ไบโอแอสติน ผลิตภัณฑ์อาหารเสริมสกัดจากสาหร่ายแดง (2 x 60 เม็ด),1360.0,1360.0,1360.0,0,1,3,5,2,1,Bioastin(ไบโอแอสติน),True,False,False,search_api,https://down-th.img.susercontent.com/file/c32a14d397fd6c5822cf15b1a3aeb2a0,https://shopee.co.th/happyprice.sh/product/446101543/4690676065
9858882997,Aiyara Aimmura ไอยรา เอมมูร่า สารสกัดงาดําและธัญพืช 2กล่อง x 60 แคปซูล (ของแท้กรีดรหัส),1290.0,2560.0,1290.0,0,1,58,4.89,18,6,Aiyara Planet(ไอยราแพลเนท),True,False,False,search_api,https://down-th.img.susercontent.com/file/th-11134207-7rasc-m2q73f0ltnik86,https://shopee.co.th/happyprice.sh/product/446101543/9858882997
4789837247,Aiyara Aimmura X ไอยรา เอมมูร่าเอ็กซ์ เซซามินสกัดจากงาดำเข้มข้น20เท่า (1กล่อง) **ของแท้กรีดรหัส**,2280.0,2280.0,2280.0,0,1,2000,4.91,1292,186,Aiyara Planet(ไอยราแพลเนท),True,False,False,search_api,https://down-th.img.susercontent.com/file/sg-11134201-7rdyn-m1dtigtlnhp98a,https://shopee.co.th/happyprice.sh/product/446101543/4789837247
10707871148,Super D Maxx  ซุปเปอร์ดีแม็กซ์ อาหารเสริมเพื่อสุภาพบุรุษ (60 แคปซูล ),890.0,890.0,890.0,0,1,95,4.88,52,5,Double Maxx(ดับเบิ้ลแม็กซ์),True,False,False,search_api,https://down-th.img.susercontent.com/file/sg-11134201-7rdy8-m1dtnd0fqp69de,https://shopee.co.th/happyprice.sh/product/446101543/10707871148
9458883145,Aiyara Aimmura ไอยรา เอมมูร่า สารสกัดงาดําและธัญพืช 1กล่อง x 60 แคปซูล (ของแท้กรีดรหัส),1290.0,1290.0,1290.0,0,1,57,4.14,14,4,Aiyara Planet(ไอยราแพลเนท),True,False,False,search_api,https://down-th.img.susercontent.com/file/th-11134207-7rasl-m2q71gegqb9v2b,https://shopee.co.th/happyprice.sh/product/446101543/9458883145
23976359075,Max S Night ผลิตภัณฑ์เสริมอาหาร แม็ก เอส ไนท์ มี2สูตร ใน1กล่อง รวม30แคปซูล (ของแท้พร้อมส่ง),716.0,716.0,725.0,1,1,422,4.96,206,17,MaxS(แม็กเอส),True,False,False,search_api,https://down-th.img.susercontent.com/file/th-11134207-81ztg-mkrq9uw60w0276,https://shopee.co.th/happyprice.sh/product/446101543/23976359075
16042427710,Two Up Brand TurBo Max ทู อัพ แบรนด์ เทอร์โบ แม็กซ์ ใหม่ (1กล่อง 60แคปซูล),1030.0,1030.0,1030.0,0,1,74,4.94,32,6,Turbo Max(เทอร์โบแม็กซ์),True,False,False,search_api,https://down-th.img.susercontent.com/file/th-11134207-7rasf-m2qi78aal5jg8f,https://shopee.co.th/happyprice.sh/product/446101543/16042427710
17442449422,BellaCare super premium collagen เบลล่าแคร์คอลลาเจน (1กระป๋อง 30ซอง),599.0,599.0,599.0,0,1,119,5,16,3,Bellacare(เบลล่า แคร์),True,False,False,search_api,https://down-th.img.susercontent.com/file/a84797ebcc578e9ec2c04ffa41714b32,https://shopee.co.th/happyprice.sh/product/446101543/17442449422
6089854007,Two up Brand By Turbo Max ทู อัพ บาย เทอร์โบแมกซ์ (2 กล่อง 120 แคปซูล),2050.0,2050.0,2050.0,0,1,27,5,12,4,Turbo Max(เทอร์โบแม็กซ์),True,False,False,search_api,https://down-th.img.susercontent.com/file/th-11134207-7rash-m2qi82f6hker44,https://shopee.co.th/happyprice.sh/product/446101543/6089854007
11107873021,Marine Collagen from New Zealand (100 กรัม) ครีมคอลลาเจนจากประเทศนิวซีแลนด์,550.0,550.0,550.0,0,1,3,4,2,0,Marine Collagen (มารีน คอลลาเจน),True,False,False,search_api,https://down-th.img.susercontent.com/file/63186eefd30954f38d8b6cd0c37ada69,https://shopee.co.th/happyprice.sh/product/446101543/11107873021
23531595531,JOJU COLLAGEN ปรับผิว เจจูคอลลาเจน,490.0,490.0,490.0,0,1,0,0,0,0,Joju Collagen(โจจู คอลลาเจน) ,True,False,False,search_api,https://down-th.img.susercontent.com/file/sg-11134201-23030-0lhdd24tslov00,https://shopee.co.th/happyprice.sh/product/446101543/23531595531
23325703642,Linhzhimin หลินจือมิน  (60 เม็ด x 1 กล่อง) สารสกัดจากเห็ดหลินจือแดง,1120.0,1120.0,1120.0,0,1,1,0,0,0,Nature Biotec(เนเจอร์ ไบโอเทค),True,False,False,search_api,https://down-th.img.susercontent.com/file/th-11134207-7qul0-ljm8zn0j410mbd,https://shopee.co.th/happyprice.sh/product/446101543/23325703642
23250866219,สบู่สมุนไพร พรทิน่า PONTINA HERBAL SOAP (1 ซอง มี 5 ก้อน) เขียว2+เหลือง 3,99.0,99.0,99.0,0,1,0,0,0,0,Pontina(พรทิน่า),True,False,False,search_api,https://down-th.img.susercontent.com/file/sg-11134201-7qvfr-lk9c458lhd4s01,https://shopee.co.th/happyprice.sh/product/446101543/23250866219
22917632389,CHATIER Premium Collagen ชาเทียร์ คอลลาเจนน้องฉัตร (1กล่อง 7ซอง),390.0,390.0,390.0,0,1,0,0,0,0,Chatier(ชาเทียร์),True,False,False,search_api,https://down-th.img.susercontent.com/file/sg-11134201-23010-as5xukn425lvd8,https://shopee.co.th/happyprice.sh/product/446101543/22917632389
22825706316,P NING พี่หนิง โกโก้/กาแฟ/ไฟเบอร์,250.0,250.0,250.0,0,1,0,0,0,0,P NING(พี่หนิง),True,False,False,search_api,https://down-th.img.susercontent.com/file/sg-11134201-23020-km2ltvid9pnvd7,https://shopee.co.th/happyprice.sh/product/446101543/22825706316
22817633724,Black Sesame Oil 1000 mg. Smartlife Plus น้ำมันงาดำสกัดเย็น,580.0,580.0,580.0,0,1,3,0,0,0,Smart Life Plus(สมาร์ทไลฟ์ พลัส),True,False,False,search_api,https://down-th.img.susercontent.com/file/e81e705c6f099a132797467dc7354b13,https://shopee.co.th/happyprice.sh/product/446101543/22817633724
22725706355,CmaX Cordyceps Coffee กาแฟซีแม็คซ์ สูตรถั่งเช่า กาแฟเพื่อสุขภาพ ครีมเทียมสกัดจากมะพร้าว (1ห่อบรรจุ10ซอง),235.0,235.0,235.0,0,1,3,0,0,1,S.O.M.(เอสโอเอ็ม),True,False,False,search_api,https://down-th.img.susercontent.com/file/sg-11134201-7rdwu-mdpxtxajk6ws16,https://shopee.co.th/happyprice.sh/product/446101543/22725706355
22500606286,พิณนารา พินนารา เซรั่มน้ำมันมะพร้าว น้ำมันมะพร้าวสกัดเย็น 85ml,220.0,220.0,220.0,0,1,17,5,6,2,Pinnara​(พิณนารา),True,False,False,search_api,https://down-th.img.susercontent.com/file/b8620a388c7eea989656f9605e890491,https://shopee.co.th/happyprice.sh/product/446101543/22500606286
22500606144,น้ำมันรำข้าวจมูกข้าว Gomphrena (กอมฟลีนา) 30แคปซูล,329.0,329.0,329.0,0,1,8,5,2,0,Gomphrena(กอมฟลีนา),True,False,False,search_api,https://down-th.img.susercontent.com/file/th-11134207-7r990-lxjcajqnzemn9c,https://shopee.co.th/happyprice.sh/product/446101543/22500606144
22450837092,VELDENT MOUTH SPARY เวลเดนท์ สเปรย์ ระงับกลิ่นปาก 18 ml,190.0,190.0,190.0,0,1,0,0,0,0,Veldent(เวลเดนท์),True,False,False,search_api,https://down-th.img.susercontent.com/file/sg-11134201-7qvec-lk914kazfxdo0f,https://shopee.co.th/happyprice.sh/product/446101543/22450837092
22450837049,SHIROI GLUTA BERRY PLUS VIT C WHITE BODY CREAM ชิโรอิกลูต้า บอดี้ครีม ครีมบำรุงผิวกาย 500 กรัม,290.0,290.0,290.0,0,1,1,5,2,0,Shiroi(ชิโรอิ),True,False,False,search_api,https://down-th.img.susercontent.com/file/sg-11134201-7qvg1-lk914ii204ga28,https://shopee.co.th/happyprice.sh/product/446101543/22450837049
22442232126,Amado IMMU Collagen - อมาโด้ อิมมู คอลลาเจน 1 กระป๋อง ( 100 กรัม ),280.0,280.0,280.0,0,1,0,0,0,0,Amado(อมาโด้),True,False,False,search_api,https://down-th.img.susercontent.com/file/sg-11134201-7qvde-lgos0sgh0fx812,https://shopee.co.th/happyprice.sh/product/446101543/22442232126
22400606259,(3กระปุก) NAREEYA PLUS นารีญาพลัส ผลิตภัณฑ์เสริมอาหารสำหรับผู้หญิง อกฟู ตกขาว น้องมีกลิ่น อัพไซส์,749.0,749.0,749.0,0,1,0,0,0,0,Nareeya(นารีญา),True,False,False,search_api,https://down-th.img.susercontent.com/file/th-11134207-7rash-m15gcqitq54xad,https://shopee.co.th/happyprice.sh/product/446101543/22400606259
22342232673,PURE underarm care ครีมเพียว ครีมทารักแร้ขาวเนียน หมดปัญหาเลเซอร์ 50 g.,190.0,190.0,190.0,0,1,2,5,2,0,Pure(เพียว),True,False,False,search_api,https://down-th.img.susercontent.com/file/th-11134207-7rasf-m16vcjdwoe2c5e,https://shopee.co.th/happyprice.sh/product/446101543/22342232673
22242224945,Toby bio oil DHA & Cocoa-cal โทบี้ ไบโอออยล์ ผลิตภัณฑ์อาหารเสริมสำหรับเด็ก 30 แคปซูล,199.0,370.0,199.0,0,1,0,0,0,0,Toby(โทบี้),True,False,False,search_api,https://down-th.img.susercontent.com/file/th-11134207-7r992-lwdx6l88bavjed,https://shopee.co.th/happyprice.sh/product/446101543/22242224945
22200606322,Ayura Pinklady Gold อายูร่า พิ้งค์เลดี้ ขนาด 150 cc (แพ็คละ5ขวด),290.0,290.0,290.0,0,1,0,0,0,0,Ayura(อายูร่า),True,False,False,search_api,https://down-th.img.susercontent.com/file/th-11134207-7rash-m16ubodqmkxt5b,https://shopee.co.th/happyprice.sh/product/446101543/22200606322
22176339503,iCON FACE iSERUM เซรั่มผิวกระจก สยบริ้วรอย เพื่อผิวใส ขนาด 30 ml.,690.0,690.0,690.0,0,1,1,5,2,1,Icon(ไอคอน),True,False,False,search_api,https://down-th.img.susercontent.com/file/sg-11134201-7qve2-lk95hhv7wwziee,https://shopee.co.th/happyprice.sh/product/446101543/22176339503
22176245474,Unicity Bio Reishi Coffee Beverage กาแฟเห็ดหลินจือ ยูนิซิตี้ ไบโอรีชี่ (1กล่อง 20 ซอง),549.0,549.0,549.0,0,1,4,0,0,0,Unicity(ยูนิซิตี้),True,False,False,search_api,https://down-th.img.susercontent.com/file/sg-11134201-7qvfk-lk7qze2spzb98e,https://shopee.co.th/happyprice.sh/product/446101543/22176245474
22150838076,Amado Face Night Sleeping Mask อมาโด้สลีปปิ้งมาส์ก (100 กรัม),300.0,300.0,300.0,0,1,0,0,0,0,Amado(อมาโด้),True,False,False,search_api,https://down-th.img.susercontent.com/file/sg-11134201-7qvd5-lk913wttpwhoda,https://shopee.co.th/happyprice.sh/product/446101543/22150838076
22150837949,Kumiko Collagen คูมิโกะ คอลลาเจน สเต็มเซลล์จากรกปลาแซลม่อน 1 กล่อง มี 15 ซอง,250.0,250.0,250.0,0,1,1,0,0,0,Kumiko(คุมิโกะ),True,False,False,search_api,https://down-th.img.susercontent.com/file/sg-11134201-7qvfn-lk913uvmkmrrfe,https://shopee.co.th/happyprice.sh/product/446101543/22150837949
22067719122,กาแฟยอดรัก แบล็ค คอฟฟี่ Yodrak Coffee 30ซอง,290.0,290.0,290.0,0,1,3,0,0,0,Yodrak(ยอดรัก),True,False,False,search_api,https://down-th.img.susercontent.com/file/sg-11134201-7qvf1-lgos0e0i6ra4c6,https://shopee.co.th/happyprice.sh/product/446101543/22067719122
22031604402,CHARIYA CENTELLA SOAP ชาริยา สบู่ใบบัวบก สบู่ปราบสิว (100กรัม),140.0,140.0,140.0,0,1,42,5,14,0,Centella(เซ็นเทลล่า),True,False,False,search_api,https://down-th.img.susercontent.com/file/sg-11134201-23030-26zkn5quslov33,https://shopee.co.th/happyprice.sh/product/446101543/22031604402
22031604048,FABEO ครีมหน้าเด็ก ฟื้นฟูหลุมสิว ช่วยลดสิว หน้าสว่างกระจ่างใส ลดฝ้า,790.0,790.0,790.0,0,1,0,0,0,0,Fabeo(ฟาบีโอ้),True,False,False,search_api,https://down-th.img.susercontent.com/file/sg-11134201-23030-ln3jholuslovdc,https://shopee.co.th/happyprice.sh/product/446101543/22031604048
22017635419,(3 ก้อน) NISIT VIPVUP SOAP PREMIUM PINK SALT สบู่นิสิต สบู่งานวิจัยเกลือหิมาลายัน,270.0,270.0,270.0,0,1,0,0,0,2,Nisit(นิสิต),True,False,False,search_api,https://down-th.img.susercontent.com/file/sg-11134201-23010-qp7sgdg525lv0c,https://shopee.co.th/happyprice.sh/product/446101543/22017635419
22017635187,Coconut Ginseng Royal Scrub สครับโสมมะพร้าว 500กรัม,290.0,290.0,290.0,0,1,0,0,0,0,Episode Secret(เอพพิโซด ซีเคร็ท),True,False,False,search_api,https://down-th.img.susercontent.com/file/2d6c946a7be3f59a7b09d310d6a50c88,https://shopee.co.th/happyprice.sh/product/446101543/22017635187
21679723545,Bomi Gold Di Collagen Plus Calcium โบมิ โกลด์ ได คอลลาเจน พลัส แคลเซียม 100 กรัม,499.0,499.0,499.0,0,1,0,0,0,0,Bomi(โบมิ),True,False,False,search_api,https://down-th.img.susercontent.com/file/sg-11134201-7qvey-lgos033c4pne48,https://shopee.co.th/happyprice.sh/product/446101543/21679723545
21450022273,MAHAD FACIAL CREAM 30g. ครีมมะหาด หน้าใส แท้ 100%,390.0,390.0,390.0,0,1,0,0,0,0,Hoyonna(โฮยอนนา),True,False,False,search_api,https://down-th.img.susercontent.com/file/f44c8024f16e62e9db4820208d6fa88f,https://shopee.co.th/happyprice.sh/product/446101543/21450022273
21050022369,Real Elixir Pure Collagen ผลิตภัณฑ์เสริมอาหาร เพียว คอลลาเจน,550.0,950.0,550.0,0,1,0,0,0,0,Realelixir(เรียลอิลิคเซอร์),True,False,False,search_api,https://down-th.img.susercontent.com/file/th-11134207-7rasa-m0zgpvqtnrspd9,https://shopee.co.th/happyprice.sh/product/446101543/21050022369
20875822904,CARISTA - Goat Milk Premium Shampoo(100g.) แชมพูสูตรนมแพะ,149.0,149.0,149.0,0,1,0,0,0,0,Carista(คาริสต้า),True,False,False,search_api,https://down-th.img.susercontent.com/file/sg-11134201-23030-de1cgab4ujov30,https://shopee.co.th/happyprice.sh/product/446101543/20875822904
20579714572,Swiss Lab เนเจอร์พาวเดอร์ครีม 1 กระปุก 30กรัม,294.0,294.0,294.0,0,1,1,5,2,0,Swiss Lab(สวิสแล็บ),True,False,False,search_api,https://down-th.img.susercontent.com/file/sg-11134201-7qvdi-lgorzd1i93pjb8,https://shopee.co.th/happyprice.sh/product/446101543/20579714572
20150024259,"ดีพราวด์วิตามินซีสด 250,000 mg. Deproud Bio Multi C Mix ดีพราวด์ ไบโอ มัลติ ซี มิกซ์ (3สูตร)",240.0,240.0,240.0,0,1,0,0,0,1,Deproud(ดีพราวด์),True,False,False,search_api,https://down-th.img.susercontent.com/file/c06b73e082c001834da43afe5f06de1f,https://shopee.co.th/happyprice.sh/product/446101543/20150024259
20139478594,Gimmick - ครีมไข่มุกเกาหลี 미인 (5กรัม),220.0,220.0,220.0,0,1,0,0,0,0,Gimmick(กิมมิค),True,False,False,search_api,https://down-th.img.susercontent.com/file/b7ee456bd3b91a5e2e814feeb82f598a,https://shopee.co.th/happyprice.sh/product/446101543/20139478594
20050024335,Bootchy white snow queen บูทชี่ไวท์,180.0,180.0,180.0,0,1,2,0,0,0,Bootchy White(บูทซี่ไวท์),True,False,False,search_api,https://down-th.img.susercontent.com/file/abedbfb997ba1a72282ab3be3869a226,https://shopee.co.th/happyprice.sh/product/446101543/20050024335
20050024177,AWL DHA (Algal Oil DHA) บำรุงสมองลูกรัก เสริมความจำ สร้างสมาธิ เรียนรู้ไว,690.0,690.0,690.0,0,1,0,0,0,0,Auswelllife(ออสเวลไลฟ์),True,False,False,search_api,https://down-th.img.susercontent.com/file/794292776aa383a94801c19a02a66e53,https://shopee.co.th/happyprice.sh/product/446101543/20050024177
19791706434,ดับเบิ้ลที เอสเซ้นส์ผม Hair Essence DOUBLE T เอ้สเซ้นส์เร่งผมยาว 30 ml.,120.0,120.0,120.0,0,1,0,0,0,0,Double T(ดับเบิ้ล ที),True,False,False,search_api,https://down-th.img.susercontent.com/file/sg-11134201-7qvdk-lk95hacyxt1855,https://shopee.co.th/happyprice.sh/product/446101543/19791706434
19773716395,Goat Milk Premium Keratin เคราตินนมแพะ บำรุงผม ฟื้นฟุผมเสีย 500 กรัม,370.0,370.0,370.0,0,1,2,5,2,2,Carista(คาริสต้า),True,False,False,search_api,https://down-th.img.susercontent.com/file/sg-11134201-23020-w880u6e0honva1,https://shopee.co.th/happyprice.sh/product/446101543/19773716395
19650024082,กาแฟยอดรัก สูตรเด็ด คุมหิว อิ่มนาน ไม่มีน้ำตาล ลดทานจุกจิก ลงไว  (1 ห่อ 30 ซอง),299.0,299.0,299.0,0,1,0,0,0,0,Yodrak(ยอดรัก),True,False,False,search_api,https://down-th.img.susercontent.com/file/52ec1aa732164f3d546f2c7f08074a21,https://shopee.co.th/happyprice.sh/product/446101543/19650024082
19539303153,Skinshe Giftset ครีมสกินชี ครีมบำรุงผิว,439.0,439.0,439.0,0,1,62,4.92,26,2,Skinshe(สกินซี),True,False,False,search_api,https://down-th.img.susercontent.com/file/14e58f14a7c7de3c6dbf59cadbdc4616,https://shopee.co.th/happyprice.sh/product/446101543/19539303153
19273717047,Deproud Bio Fiber ดีพราว ไบโอ ไฟเบอร์ สัปปะรดผสมกลูต้า ขนาด 250 กรัม,200.0,200.0,200.0,0,1,0,0,0,1,Deproud(ดีพราวด์),True,False,False,search_api,https://down-th.img.susercontent.com/file/sg-11134201-23020-ym0pkt29honvfa,https://shopee.co.th/happyprice.sh/product/446101543/19273717047
18973716301,Deproud Bio Multi C Mix Grape ดีพราวด์ วิตามินซีสด วิตามินซี รสองุ่น🍇250กรัม,490.0,490.0,490.0,0,1,0,0,0,0,Deproud(ดีพราวด์),True,False,False,search_api,https://down-th.img.susercontent.com/file/sg-11134201-23020-hgdwzjv9honv85,https://shopee.co.th/happyprice.sh/product/446101543/18973716301
18873716382,กาแฟนางบี B Coffee B Easy สุขภาพดีด้วยกาแฟรสคาปูชิโน ของแท้100% (1ห่อ 10ซอง),190.0,190.0,190.0,0,1,0,0,0,2,Be Easy(บีอีซี่),True,False,False,search_api,https://down-th.img.susercontent.com/file/sg-11134201-23020-nxsut9t9honv8a,https://shopee.co.th/happyprice.sh/product/446101543/18873716382
18573717146,MINE CHLOROPHYLL X คลอโรฟิลล์มายมิ้น คลอโรฟิลล์เอ็กซ์ ดีท็อกลำไส้ 1กล่อง 5ซอง,289.0,289.0,289.0,0,1,0,0,0,0,Mine(มายด์),True,False,False,search_api,https://down-th.img.susercontent.com/file/sg-11134201-23020-m6dfydo9honvee,https://shopee.co.th/happyprice.sh/product/446101543/18573717146
18539207338,GM Saiko Gluta Aurora Plus จีเอ็ม ไซโกะ กลูต้า ออโรร่า พลัส 30 แคปซูล,399.0,399.0,399.0,0,1,0,0,0,0,GM(จีเอ็ม),True,False,False,search_api,https://down-th.img.susercontent.com/file/sg-11134201-82607-mjpc3t41d14yfb,https://shopee.co.th/happyprice.sh/product/446101543/18539207338
18339483871,BOTANICA KAO KUM (โบทานีก้าผสมข้าวก่ำ) สูตรผสมข้าวเหนียวก่ำงอก ข้าวกล้องงอก,999.0,999.0,999.0,0,1,0,0,0,2,,True,False,False,search_api,https://down-th.img.susercontent.com/file/44cc20d7e8ac9cd13e5069dcfc6069c8,https://shopee.co.th/happyprice.sh/product/446101543/18339483871
17384099304,Verena 11X เวอรีน่า 11เอ็กซ์ อาหารเสริมสำหรับเส้นผมโดยเฉพาะ  (21 แคปซูล),550.0,550.0,550.0,0,1,0,0,0,0,Verena(เวอรีน่า),True,False,False,search_api,https://down-th.img.susercontent.com/file/71638b659d1b68ea104cd430f8149a8b,https://shopee.co.th/happyprice.sh/product/446101543/17384099304
17287794278,BL99 หลินจือบีแอล99 เห็ดหลินจือสกัดผสมสมุนไพรสกัด (50 แคปซูล),390.0,390.0,390.0,0,1,0,0,0,0,BL(บีแอล),True,False,False,search_api,https://down-th.img.susercontent.com/file/4405688a6de6c29a3c308b1aa88c0b5c,https://shopee.co.th/happyprice.sh/product/446101543/17287794278
17087794285,BLAZO COFFEE เบลโซ่ คอฟฟี่ กาแฟปรุงสำเร็จชนิดผง สารสกัดเกรดพรีเมียม 29 ชนิด อาราบิก้าแท้ หอม เข้มข้น (บรรจุ 20 ซอง/ห่อ),330.0,330.0,330.0,0,1,0,0,0,0,Blazo(เบลโซ่),True,False,False,search_api,https://down-th.img.susercontent.com/file/sg-11134201-822yf-mof5wps84vf0f3,https://shopee.co.th/happyprice.sh/product/446101543/17087794285
17087794264,Be Secret บี ซีเคร็ท ผลิตภัณฑ์เสริมอาหาร 10เม็ด,290.0,290.0,290.0,0,1,0,0,0,0,Be Easy(บีอีซี่),True,False,False,search_api,https://down-th.img.susercontent.com/file/135eeda047a53f50a0498415d2ab6942,https://shopee.co.th/happyprice.sh/product/446101543/17087794264
16943687274,BellaCare เบลล่าแคร์ คอลลาเจน ไตรเปปไทด์ ซุปเปอร์พรีเมี่ยม นำเข้าจากประเทศญี่ปุ่น (ขนาด30ซอง),599.0,599.0,599.0,0,1,36,5,10,1,Bellacare(เบลล่า แคร์),True,False,False,search_api,https://down-th.img.susercontent.com/file/a6ef73f4a98b7a31a6c3bc35dce6b9b6,https://shopee.co.th/happyprice.sh/product/446101543/16943687274
16314464198,Be Easy B plus บีอีซี่ บีพลัส (1กล่อง 10ซอง),220.0,220.0,220.0,0,1,0,0,0,0,Be Easy(บีอีซี่),True,False,False,search_api,https://down-th.img.susercontent.com/file/5dd1f56d370b44f43faa77e8fded4e32,https://shopee.co.th/happyprice.sh/product/446101543/16314464198
16313744003,Nne' cocoa Noona sweden เอ็นเน่ โกโก้ หนูนาสวีเดน (10 ซอง/กล่อง),269.0,269.0,269.0,0,1,0,0,0,0,Nne' Coffee(เอ็นเน่ คอฟฟี่) ,True,False,False,search_api,https://down-th.img.susercontent.com/file/cb347e70f2d2d5671ce3c60304a85e30,https://shopee.co.th/happyprice.sh/product/446101543/16313744003
16293504318,Amado Gold Caviar Serum อมาโด้ โกลด์ คาร์เวียร์ เซรั่ม [100 ml./ขวด],199.0,199.0,199.0,0,1,2,5,2,0,Amado(อมาโด้),True,False,False,search_api,https://down-th.img.susercontent.com/file/sg-11134201-23030-arl5nb1uslovfd,https://shopee.co.th/happyprice.sh/product/446101543/16293504318
16014452639,ถั่งเช่ายิ่งยง ถั่งเช่า ผสม มัลติ วิตามินบี (30 เม็ด),199.0,199.0,199.0,0,1,0,0,0,0,Cordyceps Plus Multivitamin B(ถั่งเช่า ผสม มัลติวิตามิน บี),True,False,False,search_api,https://down-th.img.susercontent.com/file/6745eb4f9053e6b73116f9042130ce3a,https://shopee.co.th/happyprice.sh/product/446101543/16014452639
15856259456,HISO KERATIN SHAMPOO ไฮโซ แชมพูเคราติน ขนาด 250 ml.,199.0,199.0,199.0,0,1,0,0,0,0,hiso keratin(ไฮโซเคราติน),True,False,False,search_api,https://down-th.img.susercontent.com/file/th-11134207-7rasg-m0y4i9zc5kty51,https://shopee.co.th/happyprice.sh/product/446101543/15856259456
15657914684,VENE VICENZA All in one เวเน่วิเซนซ่า ออลอินวัน (1กล่อง 12ซอง),390.0,390.0,390.0,0,1,1,0,0,0,Vene' Veneka(เวเน่ เวเนก้า),True,False,False,search_api,https://down-th.img.susercontent.com/file/sg-11134201-7rdxs-mcsr2395lnmufe,https://shopee.co.th/happyprice.sh/product/446101543/15657914684
15505037818,Auswelllife AWL Livonic ขับสารพิษออกจากร่างกาย (1 ขวด 30 แคปซูล),599.0,599.0,599.0,0,1,0,0,0,1,Auswelllife(ออสเวลไลฟ์),True,False,False,search_api,https://down-th.img.susercontent.com/file/sg-11134201-7rffh-m9o7axcmciu468,https://shopee.co.th/happyprice.sh/product/446101543/15505037818
15496878189,[สูตรใหม่! 300g.] AMADO COLLIGI COLLAGEN อมาโด้ คอลลิจิ คอลลาเจน คอลลาเจนจากปลาทะเลน้ำลึก ไตรเปปไทด์,930.0,930.0,930.0,0,1,0,0,0,0,Amado(อมาโด้),True,False,False,search_api,https://down-th.img.susercontent.com/file/sg-11134201-822yq-mofb2shx77rj69,https://shopee.co.th/happyprice.sh/product/446101543/15496878189
14905073010,Sun Clara ซันคลาร่า (1 กล่องx30 เม็ด),539.0,539.0,539.0,0,1,33,5,10,3,Sun Clara(ซัน คลาร่า),True,False,False,search_api,https://down-th.img.susercontent.com/file/a428c17e232a71b8c6415b1d55085558,https://shopee.co.th/happyprice.sh/product/446101543/14905073010
14904788549,𝐁𝐢𝗼 𝐜𝗼𝐟𝐟𝐞𝐞 𝐛𝐲 𝐊𝐡𝐮𝐧𝐜𝐡𝐚𝐧 ไบโอคอฟฟี่ (1 กล่อง10ซอง),170.0,170.0,170.0,0,1,0,0,0,0,Bio(ไบโอ),True,False,False,search_api,https://down-th.img.susercontent.com/file/8d7ce3694e12708e005f38e972ac5b50,https://shopee.co.th/happyprice.sh/product/446101543/14904788549
14696878186,DHC Vitamin C ขนาด 60 วัน / 120 เม็ด ของแท้จากญี่ปุ่น,190.0,190.0,190.0,0,1,0,0,0,0,DHC,True,False,False,search_api,https://down-th.img.susercontent.com/file/sg-11134201-23030-rea67vwuslov20,https://shopee.co.th/happyprice.sh/product/446101543/14696878186
14604911535,LYO MINI SET 3in1 แชมพู+แฮร์โทนิค+ครีมนวด,990.0,990.0,990.0,0,1,0,0,0,0,Lyo(ไลโอ),True,False,False,search_api,https://down-th.img.susercontent.com/file/th-11134207-23020-y5mdikhxzlnvb2,https://shopee.co.th/happyprice.sh/product/446101543/14604911535
14597453811,Bomi 16.8 Balance Probiotics โบมิ 16.8 บาลานซ์ โพรไบโอติกส์,790.0,790.0,790.0,0,1,3,0,0,2,Bomi(โบมิ),True,False,False,search_api,https://down-th.img.susercontent.com/file/sg-11134201-7qvex-lgos00dy60ys3c,https://shopee.co.th/happyprice.sh/product/446101543/14597453811
14557821200,นิสิต วิบวับ พรีเมี่ยม เซรั่ม Nisit vipvup premium serum ปริมาณ 15 ml,580.0,580.0,580.0,0,1,0,0,0,0,Nisit(นิสิต),True,False,False,search_api,https://down-th.img.susercontent.com/file/daa7df79c154f30581c85f99cf834a3c,https://shopee.co.th/happyprice.sh/product/446101543/14557821200
14504823630,russakarn Q double serum เซรั่มคิว ลดฝ้า กระ ริ้วรอย (1x30ml.),199.0,199.0,199.0,0,1,0,0,0,0,Q Russakarn(คิว รัสการ),True,False,False,search_api,https://down-th.img.susercontent.com/file/03237e314c71d550595d4c8f80cd05bc,https://shopee.co.th/happyprice.sh/product/446101543/14504823630
14408353502,Be Secret  บี ซีเคร็ต ผลิตภัณฑ์ลดหิว (1 กล่อง บรรจุ 10 เม็ด),240.0,240.0,240.0,0,1,0,0,0,0,Be Easy(บีอีซี่),True,False,False,search_api,https://down-th.img.susercontent.com/file/c3574e314cf91cdca66fd9b8808c22da,https://shopee.co.th/happyprice.sh/product/446101543/14408353502
14405097481,(VC vitc) Vitamin C 200% pure power shot วิตามินซีเต็มโดส 200% (1กล่อง 14 ซอง ),280.0,280.0,280.0,0,1,0,0,0,1,VC(วีซี),True,False,False,search_api,https://down-th.img.susercontent.com/file/fb61a3dc5f1cad286df65bfa384adaae,https://shopee.co.th/happyprice.sh/product/446101543/14405097481
14391863595,MANA GLUTA STICK Cell Enhanz  มานา กลูต้าสติ๊ก (1กล่อง 7ซอง),750.0,750.0,750.0,0,1,0,0,0,0,Mana(มานา),True,False,False,search_api,https://down-th.img.susercontent.com/file/e6842de52859ecc94c0b3b04342485f5,https://shopee.co.th/happyprice.sh/product/446101543/14391863595
14105595138,Phytovy Liv ผลิตภัณฑ์เสริมอาหาร ไฟโตวี่ ลีฟ ดื่มง่าย มีใยอาหาร (1กล่อง 15ซอง),1200.0,1200.0,1200.0,0,1,2,4.5,4,1,Phytovy(ไฟโตวี่),True,False,False,search_api,https://down-th.img.susercontent.com/file/th-11134207-7rasj-m1584pc388shc8,https://shopee.co.th/happyprice.sh/product/446101543/14105595138
14005657270,(2กระปุก) NAREEYA PLUS นารีญาพลัส ผลิตภัณฑ์เสริมอาหารสำหรับผู้หญิง,538.0,538.0,538.0,0,1,0,0,0,0,Nareeya(นารีญา),True,False,False,search_api,https://down-th.img.susercontent.com/file/th-11134207-7rask-m15g5ufsufepb6,https://shopee.co.th/happyprice.sh/product/446101543/14005657270
12878627054,CollaHealth Collagen  [1 กระป๋อง 200 g.] คอลลาเฮลท์ คอลลาเจนบริสุทธิ์,999.0,999.0,999.0,0,1,0,0,0,1,Collahealth(คอลลาเฮลท์),True,False,False,search_api,https://down-th.img.susercontent.com/file/5caebca628f6755587da6bc2be396d78,https://shopee.co.th/happyprice.sh/product/446101543/12878627054
12754292051,ยูคอลลาเจน พรีเมี่ยมจากญี่ปุ่น | คอลลาเจนไม่มีไขมัน ไม่มีน้ำตาล YOO COLLAGEN 110 g.,385.0,385.0,385.0,0,1,0,0,0,0,Yoo Collagen(ยู คอลลาเจน),True,False,False,search_api,https://down-th.img.susercontent.com/file/th-11134207-7rasi-m0wjoflyjzju13,https://shopee.co.th/happyprice.sh/product/446101543/12754292051
12399069333,Nisit VipVup Premium Cream 15 ml. นิสิต ครีมเกลือหิมาลายัน ดูแลและบำรุงผิวให้กลับมาแข็งแรง,290.0,290.0,290.0,0,1,0,0,0,0,Nisit(นิสิต),True,False,False,search_api,https://down-th.img.susercontent.com/file/sg-11134201-7qvdh-lk7tqswxiz4m6e,https://shopee.co.th/happyprice.sh/product/446101543/12399069333
12379568116,ชาร์มาร์เจลลี่ เยลลี่ คอลลาเจน Charmar Jelly,390.0,390.0,390.0,0,1,0,0,0,0,Charmar(ชาร์มาร์),True,False,False,search_api,https://down-th.img.susercontent.com/file/912c6ec31a5656e316a5be333e14daf2,https://shopee.co.th/happyprice.sh/product/446101543/12379568116
12254022827,Vene Vicenza All in One เวเน่ วิเซนซ่า ออลอินวัน [1กล่อง12 ซอง],390.0,390.0,390.0,0,1,4,0,0,2,Venest(วีเนสท์),True,False,False,search_api,https://down-th.img.susercontent.com/file/3a5a54365ecaf8a75b8459b24151ec66,https://shopee.co.th/happyprice.sh/product/446101543/12254022827
11874897696,Rice Mind ไรซ์มายด์ เครื่องดื่มธัญพืชชนิดผง (300g.),649.0,649.0,649.0,0,1,5,5,4,0,Sabuyjai(สบายใจ),True,False,False,search_api,https://down-th.img.susercontent.com/file/th-11134207-7rash-m0y33hkftf3q95,https://shopee.co.th/happyprice.sh/product/446101543/11874897696
11774712686,SAMORN แซมออน แฮร์ แคร์ แชมพูลดผมร่วง ผมบาง (250 Ml.),550.0,550.0,550.0,0,1,0,0,0,1,Samorn(แซมออน),True,False,False,search_api,https://down-th.img.susercontent.com/file/th-11134207-7rasa-m0y3n1fw3g6u54,https://shopee.co.th/happyprice.sh/product/446101543/11774712686
10774903741,Be easy cocoa บีอีซี่ โกโก้ลดหิว โกโก้นางบี (10 ซอง),230.0,230.0,230.0,0,1,0,0,0,0,Be Easy(บีอีซี่),True,False,False,search_api,https://down-th.img.susercontent.com/file/8753c386ae4a90e09469c3656992d659,https://shopee.co.th/happyprice.sh/product/446101543/10774903741
24372622143,Zhulian Coffee Plus ซูเลียนคอฟฟี่พลัส กาแฟผสมโสม เพื่อสุขภาพ ปรุงสำเร็จ ผสมโสม (84ซอง),1020.0,1020.0,1020.0,0,1,262,4.98,162,8,Zhulian(ซูเลียน),True,False,False,search_api,https://down-th.img.susercontent.com/file/sg-11134201-7rcf3-ltrvq3jtrylud0,https://shopee.co.th/happyprice.sh/product/446101543/24372622143
25465685599,"Auswelllife Glucosamine 1,500mg กลูโคซามีน สำหรับข้อเสื่อม ข้อเข่าอักเสบ  60เม็ด (ของแท้พร้อมส่ง)",887.0,887.0,900.0,1,1,267,4.82,154,26,Auswelllife(ออสเวลไลฟ์),True,False,False,search_api,https://down-th.img.susercontent.com/file/sg-11134201-7rfho-m9o6yr21qm3dd9,https://shopee.co.th/happyprice.sh/product/446101543/25465685599
26913581246,Aiyara Aimmura X ไอยรา เอมมูร่าเอ็กซ์ เซซามินสกัดจากงาดำเข้มข้น20เท่า (2กล่อง) **ของแท้กรีดรหัส**,4550.0,4550.0,4550.0,0,1,168,4.97,144,5,Aiyara Planet(ไอยราแพลเนท),True,False,False,search_api,https://down-th.img.susercontent.com/file/sg-11134201-7rdwv-m1dtififj3sh84,https://shopee.co.th/happyprice.sh/product/446101543/26913581246
24372622378,Zhulian Coffee Plus Collagen ซูเลียนคอฟฟี่พลัสคอลลาเจน (18ซอง),258.0,258.0,258.0,0,1,16,5,12,1,Zhulian(ซูเลียน),True,False,False,search_api,https://down-th.img.susercontent.com/file/sg-11134201-7rce7-ltrvq74ajywyf4,https://shopee.co.th/happyprice.sh/product/446101543/24372622378
56402200198,RADA BY WERADA Junhom Body Scrub 300g รดา บาย วีรดา สครับสมุนไพรจันทร์หอม.,190.0,190.0,190.0,0,1,2,5,2,0,Radabywerada(ราดาบายเวราดา),True,False,False,search_api,https://down-th.img.susercontent.com/file/sg-11134201-82278-mhk4p34jidj90d,https://shopee.co.th/happyprice.sh/product/446101543/56402200198
29030868515,Cellarin Cream Anti-aging skin brightening ครีมลดริ้วรอยทาบำรุงหลังล้างหน้า 30กรัม,650.0,650.0,650.0,0,1,60,4.88,16,6,Cellarin (เซลลาริน),True,False,False,search_api,https://down-th.img.susercontent.com/file/sg-11134201-7rd4a-m7swe6c187fr68,https://shopee.co.th/happyprice.sh/product/446101543/29030868515
28286534519,Natura B Royal Jelly นมผึ้งเข้มข้น 6% เนทูร่า บี รออยัล เยลลี่ (บรรจุ 100 เม็ด),550.0,550.0,550.0,0,1,7,5,2,5,Natural Bee Royal Jelly(เนเจอรัล บี รอยัล เจลลี่),True,False,False,search_api,https://down-th.img.susercontent.com/file/sg-11134201-7rfh3-m9pqe3n5db5591,https://shopee.co.th/happyprice.sh/product/446101543/28286534519
26182102934,Protriva G-Lic Oil โปรทริว่าผลิตภัณฑ์เสริมอาหาร น้ำมันกระเทียมสกัดเย็น สารสกัดจากกระเทียม 30 แคปซูล,299.0,299.0,299.0,0,1,4,5,6,0, Protriva(โปรทริว่า) ,True,False,False,search_api,https://down-th.img.susercontent.com/file/sg-11134201-7rep0-m877vetxjq9s29,https://shopee.co.th/happyprice.sh/product/446101543/26182102934
25795192384,DBMP double maxx plus ดับเบิ้ลแม็ก พลัส อาหารเสริมชาย  1 กล่อง (2 แคปซูล),95.0,95.0,95.0,0,1,30,5,16,2,Double Maxx(ดับเบิ้ลแม็กซ์),True,False,False,search_api,https://down-th.img.susercontent.com/file/sg-11134201-7rfgz-m9pqdj2vf5f08d,https://shopee.co.th/happyprice.sh/product/446101543/25795192384
25756891165,Rose gold sakana collagen x10 ซาคานะคอลลาเจน แท้จากญี่ปุ่น 1กระปุก 14เม็ด (ของแท้พร้อมส่ง),530.0,530.0,530.0,0,1,61,4.94,32,10,Sakana(ซาคานะ),True,False,False,search_api,https://down-th.img.susercontent.com/file/th-11134207-7rasf-m2di6tegnelgaa,https://shopee.co.th/happyprice.sh/product/446101543/25756891165
57152076953,HandyHerb D-TXY PostBio Jelly ดี-ทีซี่ โพสไบโอ เจลลี่ ฮีทคิล แล็กโทบาซิลลัส แพลนทารัม 1 กล่อง (12 ซอง),310.0,310.0,310.0,0,1,0,0,0,1,Handy Herb(แฮนดี้เฮิร์บ),True,False,False,search_api,https://down-th.img.susercontent.com/file/sg-11134201-82277-mhhh4m2zek1vbc,https://shopee.co.th/happyprice.sh/product/446101543/57152076953
56802200181,Neocell Super Collagen + C with Biotin นีโอเซลล์ ซุปเปอร์คอลลาเจน พลัสวิตามินซีและไบโอติน 360เม็ด,1250.0,1250.0,1250.0,0,1,13,5,4,1,Neocell(นีโอเซลล์),True,False,False,search_api,https://down-th.img.susercontent.com/file/sg-11134201-8224u-mhk4p7kpcdfs2d,https://shopee.co.th/happyprice.sh/product/446101543/56802200181
52901598494,Vit C From Acerola Cherry And Camu-Camu 84เม็ด (6ซองx14เม็ด),325.0,325.0,325.0,0,1,0,0,0,1,Vida(วีด้า),True,False,False,search_api,https://down-th.img.susercontent.com/file/sg-11134201-821ec-mh77h9a9phxraa,https://shopee.co.th/happyprice.sh/product/446101543/52901598494
52301598607,Vida Collagen วีด้า คอลลาเจน  36เม็ด (3ซองx12เม็ด),325.0,325.0,325.0,0,1,0,0,0,0,Vida(วีด้า),True,False,False,search_api,https://down-th.img.susercontent.com/file/sg-11134201-821ew-mh77h57a7yfcd1,https://shopee.co.th/happyprice.sh/product/446101543/52301598607
52102072584,Black Magic Plus GSH CE-II แบล็คเมจิก จีเอสเอช ซีอีทู บรรจุ 20 แคปซูล,225.0,225.0,225.0,0,1,0,0,0,0,Black Magic(แบล็กเมจิค),True,False,False,search_api,https://down-th.img.susercontent.com/file/sg-11134201-82267-mhhh4pq5otfpc1,https://shopee.co.th/happyprice.sh/product/446101543/52102072584
50052068245,Puiinun รวมน้ำชงปุยนุ่น ผลิตภัณฑ์อาหารเสริมแบบชง (1ห่อ 15ซอง),269.0,269.0,269.0,0,1,0,0,0,0,Puiinun(ปุยนุ่น),True,False,False,search_api,https://down-th.img.susercontent.com/file/sg-11134201-8226y-mhhhf1xwtdz48a,https://shopee.co.th/happyprice.sh/product/446101543/50052068245
49851248713,WEGORA SLM PenCap by Dr.Khongkwan วีโกร่า ดร.ของขวัญ 1 กล่องมี 10 แคปซูล,349.0,349.0,349.0,0,1,0,0,0,0,Wegora(วีโกร่า),True,False,False,search_api,https://down-th.img.susercontent.com/file/sg-11134201-821dl-mgyw69bp7ax530,https://shopee.co.th/happyprice.sh/product/446101543/49851248713
49152088040,Dr.Jel TF Tea Fasting ด็อกเตอร์เจล ทีเอฟ สูตรเภสัช (1กล่อง 10ซอง),299.0,299.0,299.0,0,1,0,0,0,0,Dr.Jel(ด็อกเตอร์ เจล),True,False,False,search_api,https://down-th.img.susercontent.com/file/sg-11134201-8226p-mhhh4ajyt8u825,https://shopee.co.th/happyprice.sh/product/446101543/49152088040
48952088085,ชาเขียว ยายณีสวีเดน N'ne Matcha (1ห่อ10ซอง),210.0,210.0,210.0,0,1,0,0,0,0,Nne' Coffee(เอ็นเน่ คอฟฟี่) ,True,False,False,search_api,https://down-th.img.susercontent.com/file/sg-11134201-8227v-mhhh47ucgm4l14,https://shopee.co.th/happyprice.sh/product/446101543/48952088085
46602214902,AMADO FACE Premium 24K Gold - อมาโด้ เฟส พรีเมียม 24 เค โกลด์ เซรั่ม ขนาด 100ml.,329.0,329.0,329.0,0,1,0,0,0,1,Amado(อมาโด้),True,False,False,search_api,https://down-th.img.susercontent.com/file/sg-11134201-82276-mhk4pfzr905g26,https://shopee.co.th/happyprice.sh/product/446101543/46602214902
44414102568,Bella Care Balance Probiotic+ เบลล่าแคร์ บาลานซ์ โปรไบโอติก พลัส  (10ซอง),590.0,590.0,590.0,0,1,0,0,0,0,Bellanina(เบลล่านีน่า),True,False,False,search_api,https://down-th.img.susercontent.com/file/sg-11134201-7rdvi-mdmyqz2klroqf3,https://shopee.co.th/happyprice.sh/product/446101543/44414102568
44214102633,Collahealth Collagen คอลลาเฮลท์ คอลลาเจน บำรุงกระดูก บำรุงผิว 200 g.,980.0,980.0,980.0,0,1,0,0,0,0,Collahealth(คอลลาเฮลท์),True,False,False,search_api,https://down-th.img.susercontent.com/file/sg-11134201-7rdwi-mdmyqx9x6z1g46,https://shopee.co.th/happyprice.sh/product/446101543/44214102633
43876504443,JIL WINK by Dr.JiLL จิลวิงซ์ ผลิตภัณฑ์เสริมอาหารจาก ดร.จิล 20 แคปซูล,370.0,370.0,370.0,0,1,0,0,0,0,Dr.Jill(ดร.จิล),True,False,False,search_api,https://down-th.img.susercontent.com/file/sg-11134201-821gh-mh77h19noirz55,https://shopee.co.th/happyprice.sh/product/446101543/43876504443
43564094976,คลอโรฟิลล์ชนิดน้ำ คลอโรฟิลล์ ชัยมงคล (2ขวด x 473 มล.),2350.0,2350.0,2350.0,0,1,28,4.8,20,1,Bansamonprai Chaimongkol(บ้านสมุนไพรชัยมงคล),True,False,False,search_api,https://down-th.img.susercontent.com/file/sg-11134201-7rdvh-mdmxp3gq47zee9,https://shopee.co.th/happyprice.sh/product/446101543/43564094976
43517604813,Ratcha Life เซรั่มไฮยา Hya Glow Glass Skin Whitening Vial Serum 1.5มล. (แพ็ก 6 ชิ้น),239.0,239.0,239.0,0,1,0,0,0,0,Ratcha Life(รัชชาไลฟ์),True,False,False,search_api,https://down-th.img.susercontent.com/file/sg-11134201-824gw-me9tv0hqi9s3fa,https://shopee.co.th/happyprice.sh/product/446101543/43517604813
43176504481,SAIKONO COLLAGEN ไซโกโนะ คอลลาเจน คอลลาเจนบำรุงผิว 1กล่อง 10ซอง,323.0,323.0,323.0,0,1,0,0,0,0,Saikono(ไซโกโนะ),True,False,False,search_api,https://down-th.img.susercontent.com/file/sg-11134201-821cy-mh77gyp53uvf40,https://shopee.co.th/happyprice.sh/product/446101543/43176504481
43010626040,Life Protein อะโวคาโด้ ของยายณีหนูนาสวีเดน,320.0,320.0,320.0,0,1,10,5,6,1,S Ne(เอสเน่),True,False,False,search_api,https://down-th.img.susercontent.com/file/sg-11134201-7rdxj-mcq41xf5ck7i02,https://shopee.co.th/happyprice.sh/product/446101543/43010626040
42960419809,CeraVe Facial Lotion เซราวี โลชั่นบำรุงผิวสำหรับผิวหน้า 52 ml.,600.0,600.0,600.0,0,1,0,0,0,0,,True,False,False,search_api,https://down-th.img.susercontent.com/file/sg-11134201-7rdxf-mcn7yjcrvtuuc2,https://shopee.co.th/happyprice.sh/product/446101543/42960419809
42910626059,OZY COFFEE โอซี่ คอฟฟี่ กาแฟสุขภาพ (1ห่อ 30ซอง),210.0,210.0,210.0,0,1,0,0,0,0,Ozy Coffee(โอซี่ คอฟฟี่),True,False,False,search_api,https://down-th.img.susercontent.com/file/sg-11134201-7rdyu-mcq41ukhekweaf,https://shopee.co.th/happyprice.sh/product/446101543/42910626059
42817295866,Yurie Coco น้ำมันมะพร้าวสกัดเย็น ผสม คอลลาเจนเกาหลี บรรจุ 30 แคปซูล,189.0,189.0,189.0,0,1,0,0,0,0,Yurie Coco(ยูริโคโค่),True,False,False,search_api,https://down-th.img.susercontent.com/file/sg-11134201-824gq-me6yaemeqcjld2,https://shopee.co.th/happyprice.sh/product/446101543/42817295866
42776514242,ฟาวเดอร์ คอลลี่ ปิ๊งปิ๊ง ซี บลิ้งค์ Founder Colly Ping Ping C Blinks 1 ห่อ 30 ซอง,285.0,285.0,285.0,0,1,0,0,0,0,Foundercolly(ฟาวเดอร์คอลลี่),True,False,False,search_api,https://down-th.img.susercontent.com/file/sg-11134201-821d3-mh77hb8uqtxnf6,https://shopee.co.th/happyprice.sh/product/446101543/42776514242
42764110092,Nutri Blend Plus ผลิตภัณฑ์เสริมอาหาร ชนิดผงชงดื่ม นิวทริเบลนด์ พลัส นมผู้สูงอายุ 300กรัม,699.0,699.0,699.0,0,1,0,0,0,0,Nutri Blend(นิวทริ เบลนด์),True,False,False,search_api,https://down-th.img.susercontent.com/file/sg-11134201-7rdwj-mdmyquqcwyqs06,https://shopee.co.th/happyprice.sh/product/446101543/42764110092
42300742610,Angel แองเจิล บ้านสมุนไพรชัยมงคล อาหารเสริมสำหรับสตรี (60 เม็ด),1240.0,1240.0,1240.0,0,1,2,5,2,1,Bansamonprai Chaimongkol(บ้านสมุนไพรชัยมงคล),True,False,False,search_api,https://down-th.img.susercontent.com/file/sg-11134201-7rfg6-m9pqdz1842bk4b,https://shopee.co.th/happyprice.sh/product/446101543/42300742610
42210622511,HERNAE HONNEY LEMON FIBER PLUS ไฟเบอร์ซ้อกัส 10 ซอง / ห่อ,199.0,199.0,199.0,0,1,2,0,0,0,Hernae(เฮอร์เน่),True,False,False,search_api,https://down-th.img.susercontent.com/file/sg-11134201-7rdvy-mcq420maih5gb2,https://shopee.co.th/happyprice.sh/product/446101543/42210622511
42200732704,A4 Pro เอโฟร์โปร สูตรใหม่ อาหารเสริมสำหรับผู้หญิง อกฟู รูฟิต ลดตกขาว วัยทอง ฝ้าฮอร์โมน (บรรจุ 30 แคปซูล),820.0,820.0,820.0,0,1,6,0,0,0,,True,False,False,search_api,https://down-th.img.susercontent.com/file/sg-11134201-7rfgx-m9pqdwce0d2k20,https://shopee.co.th/happyprice.sh/product/446101543/42200732704
42002106699,Hair Essence BY Double T เป็นผลิตภัณฑ์ดูแลเส้นผมที่ช่วยฟื้นฟูผมแห้งเสีย 30มล.,115.0,115.0,115.0,0,1,0,0,0,0,Double T(ดับเบิ้ล ที),True,False,False,search_api,https://down-th.img.susercontent.com/file/sg-11134201-7raum-ma6ouueuf7i760,https://shopee.co.th/happyprice.sh/product/446101543/42002106699
41902106617,GO HAIR Silky Seaweed Nutrients 250ml ผลิตภัณฑ์บำรุงเส้นผม จากโกแฮร์ (มี 2 ขนาด),139.0,239.0,139.0,0,1,4,0,0,3,Go Hair(โกแฮร์),True,False,False,search_api,https://down-th.img.susercontent.com/file/sg-11134201-7rau5-ma6ouha1ohou83,https://shopee.co.th/happyprice.sh/product/446101543/41902106617
41860525516,BioActive+ Concentrated Liquid Asta Drink รสชาติ ฟรุตพั้นซ์ คอลลาเจน ลิขวิด แอสต้า ดริ้งค์,760.0,760.0,760.0,0,1,21,4.88,16,7,Bioactive+(ไบโอแอคทีฟพลัส),True,False,False,search_api,https://down-th.img.susercontent.com/file/sg-11134201-7rdxi-mcoltbu5c8cg4b,https://shopee.co.th/happyprice.sh/product/446101543/41860525516
41776514205,Vida GlutaMax Supplement วีด้า กลูต้าแมกซ์ 36เม็ด (3ซองx12เม็ด),325.0,325.0,325.0,0,1,0,0,0,0,Vida(วีด้า),True,False,False,search_api,https://down-th.img.susercontent.com/file/sg-11134201-821eb-mh77h78hssga5d,https://shopee.co.th/happyprice.sh/product/446101543/41776514205
41514303994,BioActive+ Concentrated Liquid Gold รสชาติ เฟรซ เลม่อน (1กล่องมี10หลอด),900.0,900.0,900.0,0,1,28,4.89,18,4,Bioactive+(ไบโอแอคทีฟพลัส),True,False,False,search_api,https://down-th.img.susercontent.com/file/sg-11134201-7rdwe-mdocu9uxtgsq95,https://shopee.co.th/happyprice.sh/product/446101543/41514303994
41400275623,SOMJANE วิตามินซี ส้มเจน วิตซีรสส้ม รสสตอเบอรี่ 1000 มก. (1 ถุง 30 ซอง),290.0,290.0,290.0,0,1,0,0,0,0,Somjane(ส้มเจน),True,False,False,search_api,https://down-th.img.susercontent.com/file/sg-11134201-7rff4-m9jqxicxa4y9ba,https://shopee.co.th/happyprice.sh/product/446101543/41400275623
41200022204,JIL S จิลเอส อาหารเสริมดูแลรูปร่างจาก Dr.JiLL วิตามินเสริมการเผาผลาญ (1 กล่อง 10 แคปซูล),300.0,300.0,300.0,0,1,34,4.5,20,2,Dr.Jill(ดร.จิล),True,False,False,search_api,https://down-th.img.susercontent.com/file/sg-11134201-7rfgh-m9h1akjm372pda,https://shopee.co.th/happyprice.sh/product/446101543/41200022204
41200017267,WINK WHITE XS Protein วิงค์ไวท์ เอ็กซ์เอส โปรตีน แคลอรี่ต่ำ คุมหิว สร้างกล้ามเนื้อ ขนาด 240 g.,269.0,269.0,269.0,0,1,0,0,0,0,Wink White​(วิงค์ไวท์),True,False,False,search_api,https://down-th.img.susercontent.com/file/sg-11134201-7rfg0-m9h1an9a48ph21,https://shopee.co.th/happyprice.sh/product/446101543/41200017267
41200012150,Risaya SS ริสยา เอสเอส อาหารเสริมคุมหิว สารสกัดธรรมชาติ (1กล่อง 10 แคปซูล),230.0,230.0,230.0,0,1,50,5,26,2,Risaya(ริซายา),True,False,False,search_api,https://down-th.img.susercontent.com/file/sg-11134201-7rauk-mas53t67xzwjf7,https://shopee.co.th/happyprice.sh/product/446101543/41200012150
41152046850,ครีมโสมมะพร้าว Coconut Ginseng cream (โคโค่นัท จินเส็ง ครีม) 500 g.,199.0,199.0,199.0,0,1,0,0,0,0,Sommaprao(โสมมะพร้าว),True,False,False,search_api,https://down-th.img.susercontent.com/file/sg-11134201-7ratf-ma5fcq1tby1857,https://shopee.co.th/happyprice.sh/product/446101543/41152046850
41000275699,Amado Silver Active 50+ Collagen Type II อมาโด้ ซิลเวอร์ แอคทีฟ 50+ คอลลาเจน ไทพ์ ทู (100 กรัม),495.0,495.0,495.0,0,1,0,0,0,0,Amado(อมาโด้),True,False,False,search_api,https://down-th.img.susercontent.com/file/sg-11134201-7rfih-m9jqwzzq5ogm67,https://shopee.co.th/happyprice.sh/product/446101543/41000275699
40852046855,Clena EX Anti Melasma คลีน่า เอ็กซ์ แอนตี้ เมลาสม่า ผลิตภัณฑ์บำรุงผิวหน้า ขนาด 15 กรัม,190.0,190.0,190.0,0,1,3,5,2,0,Clena(คลีน่า),True,False,False,search_api,https://down-th.img.susercontent.com/file/sg-11134201-7rasa-ma5fch8e8giz8e,https://shopee.co.th/happyprice.sh/product/446101543/40852046855
40516803566,BioVech ไบโอเวช แชมพูสมุนไพรและคอนดิชันเนอร์สมุนไพร 225 มล.,359.0,359.0,359.0,0,1,0,0,0,0,,True,False,False,search_api,https://down-th.img.susercontent.com/file/sg-11134201-824hm-me41uuoqry8732,https://shopee.co.th/happyprice.sh/product/446101543/40516803566
40416812454,BioVech 7 Herbs Hair Tonic ไบโอเวช เซเว่นเฮิร์บ แฮร์โทนิค 100 มล.,179.0,179.0,179.0,0,1,0,0,0,2,Biovech(ไบโอเวช) ,True,False,False,search_api,https://down-th.img.susercontent.com/file/sg-11134201-824j6-me41ux0mdhj683,https://shopee.co.th/happyprice.sh/product/446101543/40416812454
40310521470,BioActive+ Concentrated Liquid Collagen รสชาติ มิกซ์เบอร์รี่ คอลลาเจนผิวใส,760.0,760.0,760.0,0,1,1,5,2,1,Bioactive+(ไบโอแอคทีฟพลัส),True,False,False,search_api,https://down-th.img.susercontent.com/file/sg-11134201-7rdww-mcolt46wj0owe4,https://shopee.co.th/happyprice.sh/product/446101543/40310521470
40010885316,เครื่องดื่มสามสิบ (รากสามสิบแบบน้ำ) 900 มล. ตราคุณสัมฤทธิ์,580.0,580.0,580.0,0,1,0,0,0,0,สมุนไพรคุณสัมฤทธิ์,True,False,False,search_api,https://down-th.img.susercontent.com/file/sg-11134201-7rdvx-mcsqf6pq26803f,https://shopee.co.th/happyprice.sh/product/446101543/40010885316
29903499922,Mizumi UV Cooling Body Serum SPF50+ PA++++ 165ml. เซรั่มกันแดด สำหรับผิวกาย สูตรเย็น จากมิซึมิ,255.0,255.0,255.0,0,1,0,0,0,1,MizuMi(มิชึมิ),True,False,False,search_api,https://down-th.img.susercontent.com/file/sg-11134201-7rd47-lwtwe76zecnjdd,https://shopee.co.th/happyprice.sh/product/446101543/29903499922
29853592321,Reishi Coffee unicity ไบโอริซี่ คอฟฟี่ ชนิดปรุงสำเร็จไม่มีน้ำตาล 1 กล่อง 20 ซอง.,549.0,549.0,549.0,0,1,0,0,0,0,Unicity(ยูนิซิตี้),True,False,False,search_api,https://down-th.img.susercontent.com/file/sg-11134201-7rd68-lwwgpk0ziyq071,https://shopee.co.th/happyprice.sh/product/446101543/29853592321
29753592506,ส้มจ่อยนางบี  บีพลัส B plus+. เครื่องดื่มรสส้ม สารสกัดจากผลส้มแขก 1 กล่องบรรจุ 10 ซอง,220.0,220.0,220.0,0,1,0,0,0,0,Be Easy(บีอีซี่),True,False,False,search_api,https://down-th.img.susercontent.com/file/sg-11134201-7rd42-lwwgpi28ehqkd4,https://shopee.co.th/happyprice.sh/product/446101543/29753592506
29514774639,Acne-Aid Liquid Cleanser ผลิตภัณฑ์ล้างหน้า แอคเน่-เอด ลิควิด เคลนเซอร์ สีแดง 100 มล.,199.0,199.0,199.0,0,1,0,0,0,0,Acne Aid(แอคเน่เอด),True,False,False,search_api,https://down-th.img.susercontent.com/file/sg-11134201-7rdy0-m1muf3pdmaou3a,https://shopee.co.th/happyprice.sh/product/446101543/29514774639
29414774555,Ruby Roses Hya Energy White Serum รับบี้โรส ไฮยา เซรั่ม (30ml.),319.0,319.0,319.0,0,1,0,0,0,0,Ruby Roses(รับบี้โรส),True,False,False,search_api,https://down-th.img.susercontent.com/file/sg-11134201-7rdxf-m1muf26fupjddd,https://shopee.co.th/happyprice.sh/product/446101543/29414774555
29389193357,La Roche-Posay CICAPLAST BAUME B5+ บาล์มบำรุงผิว จากลา โรช-โพเซย์ ช่วยปลอบประโลมผิว 40ml./100ml.,510.0,890.0,510.0,0,1,6,4,2,2,La Roche-Posay(ลา โรช-โพเซย์),True,False,False,search_api,https://down-th.img.susercontent.com/file/sg-11134201-7rdvo-mcn7ycmjrp2v4a,https://shopee.co.th/happyprice.sh/product/446101543/29389193357
29330873578,Protriva Lime Fiber ผลิตภัณฑ์เสริมอาหารไฟเบอร์ กลิ่นไลม์ (1 กล่องมี 7 ซอง),300.0,300.0,300.0,0,1,0,0,0,0,,True,False,False,search_api,https://down-th.img.susercontent.com/file/sg-11134201-7rd70-m7sx3wsdfpfcdb,https://shopee.co.th/happyprice.sh/product/446101543/29330873578
29230868410,MizuMi Moisturizer มิซึมิ มอยส์เจอร์ไรเซอร์สำหรับผิวหน้า 45ml (Dry Rescue/Cica Soothing),339.0,339.0,339.0,0,1,0,0,0,1,MizuMi(มิชึมิ),True,False,False,search_api,https://down-th.img.susercontent.com/file/sg-11134201-7rd6f-m7swed6z5fhj2c,https://shopee.co.th/happyprice.sh/product/446101543/29230868410
29130868463,Plantnery Yuzu Orange Body Serum 250 ml บอดี้เซรั่มส้มยูซุ เข้มข้น เผยผิวเรียบเนียน,189.0,189.0,189.0,0,1,0,0,0,0,Plantnery(แพลนเนอรี่),True,False,False,search_api,https://down-th.img.susercontent.com/file/sg-11134201-7rd5r-m7sweaadeirce2,https://shopee.co.th/happyprice.sh/product/446101543/29130868463
29030868526,Hone serum โฮน เซรั่ม เซรั่มหนุ่มกรรชัย 30ml.,270.0,270.0,270.0,0,1,49,4.7,40,5,Hone(โฮน),True,False,False,search_api,https://down-th.img.susercontent.com/file/sg-11134201-7rd4d-m7swe7mdazs706,https://shopee.co.th/happyprice.sh/product/446101543/29030868526
28930868812,Yaaleeyah Double Mixed Chloro-Fiber (10 ซอง) & Penn Kapp Yaaleeyah (มี 10 แคปซูล),255.0,255.0,255.0,0,1,0,0,0,0,Yaaleeyah(ยาอาลียาห์),True,False,False,search_api,https://down-th.img.susercontent.com/file/sg-11134201-7rd5k-m7sx3oygw6h31b,https://shopee.co.th/happyprice.sh/product/446101543/28930868812
28930868538,GRAVICH Retinol Complex Concentrate Serum 30ml. กราวิช เซรั่มบำรุงผิว,350.0,350.0,350.0,0,1,1,5,2,0,Gravich(กราวิช),True,False,False,search_api,https://down-th.img.susercontent.com/file/sg-11134201-7rd68-m7swdzlj1odjbe,https://shopee.co.th/happyprice.sh/product/446101543/28930868538
28532107236,Gold Pro (โกลด์โปร) โปรตีนสกัดชนิดแคปซูล บรรจุ 45 แคปซูล,540.0,540.0,540.0,0,1,0,0,0,0,,True,False,False,search_api,https://down-th.img.susercontent.com/file/sg-11134201-7reo5-m877uaisjc7l44,https://shopee.co.th/happyprice.sh/product/446101543/28532107236
28464853289,Arsia Coffee กาแฟอาเสี่ย รังนก ถังเช่า กาแฟเพื่อสุขภาพ (1 ห่อบรรจุ 10 ซอง),189.0,189.0,189.0,0,1,0,0,0,1,Arsia(อาเสี่ย),True,False,False,search_api,https://down-th.img.susercontent.com/file/sg-11134201-7req8-m1nweclct5j33d,https://shopee.co.th/happyprice.sh/product/446101543/28464853289
28330868798,กาแฟมาร์คอฟ (Markof Coffee) 1 กล่อง บรรจุ 10 ซอง,260.0,260.0,260.0,0,1,0,0,0,1,Markof(มาร์คอฟ),True,False,False,search_api,https://down-th.img.susercontent.com/file/sg-11134201-7rd58-m7sx2u1u5sn15c,https://shopee.co.th/happyprice.sh/product/446101543/28330868798
28130873687,กาแฟโสม คอฟฟี่พลัส - PLUS WHITE COFFEE 3 อิน 1 เลส ชูการ์ (สูตรน้ำตาลน้อย) (32 กรัม x 15 ซอง),245.0,245.0,245.0,0,1,0,0,0,0,Zhulian(ซูเลียน),True,False,False,search_api,https://down-th.img.susercontent.com/file/sg-11134201-7rd56-m7sx2ch7vls364,https://shopee.co.th/happyprice.sh/product/446101543/28130873687
28030869012,สูตรใหม่‼️RUBY ROSES COFFEE กาแฟปรุงสำเร็จชนิดผง ตรา รับบี้ โรส (1กล่อง7ซอง),189.0,189.0,189.0,0,1,0,0,0,0,Ruby Roses(รับบี้โรส),True,False,False,search_api,https://down-th.img.susercontent.com/file/sg-11134201-7rd4x-m7sx2ee11g5w4f,https://shopee.co.th/happyprice.sh/product/446101543/28030869012
28014781214,Plantnery First Base Blurring Pore Primer SPF15 PA++ 15 g ไพรเมอร์ 4in1 เบลอผิวเนียน ปิดกลบทุกรูขุมขน คุมมัน เมคอัพติดทน,189.0,189.0,189.0,0,1,0,0,0,0,Plantnery(แพลนเนอรี่),True,False,False,search_api,https://down-th.img.susercontent.com/file/sg-11134201-7rdvq-m1mufh6dzd4t9b,https://shopee.co.th/happyprice.sh/product/446101543/28014781214
27953596064,Plantnery Tea Tree First Cleansing Water 300 ml คลีนซิ่งทีทรี เช็ดทำความสะอาดเครื่องสำอาง,210.0,210.0,210.0,0,1,3,0,0,1,Plantnery(แพลนเนอรี่),True,False,False,search_api,https://down-th.img.susercontent.com/file/sg-11134201-7rd4p-lwwgpl6lu1lr89,https://shopee.co.th/happyprice.sh/product/446101543/27953596064
27132111602,NUBOLIC Royal Jelly Complex 1650mg ผลิตภัณฑ์เสริมอาหารนมผึ้งนูโบลิก (40 แคบซูล),189.0,189.0,189.0,0,1,0,0,0,0,Nubolic(นูโบลิค),True,False,False,search_api,https://down-th.img.susercontent.com/file/sg-11134201-7repr-m877vcmurg74bd,https://shopee.co.th/happyprice.sh/product/446101543/27132111602
27080877564,Plantnery Tea Tree Facial Cleanser 250 ml เจลล้างหน้า ที ทรี สำหรับผู้มีปัญหาสิว ผิวมัน,189.0,189.0,189.0,0,1,0,0,0,0,Plantnery(แพลนเนอรี่),True,False,False,search_api,https://down-th.img.susercontent.com/file/sg-11134201-7rd3o-m7swe8vvhtkze1,https://shopee.co.th/happyprice.sh/product/446101543/27080877564
26932111531,"4 Mix Oil โฟร์มิกซ์ออยล์ (60แคปซูล) จาก สุภาพโอสถ น้ำมันสกัดมะพร้าว, รำข้าว, งาขี้ม้อน, กระเทียม",279.0,279.0,279.0,0,1,0,0,0,0,Suphap Osod(สุภาพโอสถ),True,False,False,search_api,https://down-th.img.susercontent.com/file/sg-11134201-7reqn-m877uyr52qavfc,https://shopee.co.th/happyprice.sh/product/446101543/26932111531
26814857717,Veggie ผงผักรวม 30 ชนิด มีสารต้านอนุมูลอิสระ ชงดื่มง่าย วิตามินสูง กระตุ้นการขับถ่าย (1กล่อง 10ซอง),499.0,499.0,499.0,0,1,4,5,4,2,Realelixir(เรียลอิลิคเซอร์),True,False,False,search_api,https://down-th.img.susercontent.com/file/th-11134207-7rasb-m5pcjcavaodz8a,https://shopee.co.th/happyprice.sh/product/446101543/26814857717
26789311700,BSRD Complex Suphap Osod ผลิตภัณฑ์เสริมอาหารบีเอสอาร์บี คอมเพล็กซ์ สุภาพโอสถ บรรจุ 30 แคปซูล,199.0,199.0,199.0,0,1,0,0,0,0,Suphap Osod(สุภาพโอสถ),True,False,False,search_api,https://down-th.img.susercontent.com/file/sg-11134201-7rdyx-mcsqewygezmu36,https://shopee.co.th/happyprice.sh/product/446101543/26789311700
26632111701,CC calcium and collagen ซีซีแคลเซียมและคอลลาเจน (1 กล่อง 10 ซอง ),288.0,288.0,288.0,0,1,12,5,12,2,CC Calcium & Collagen(ซีซี แคลเซียม แอนด์ คอลลาเจน),True,False,False,search_api,https://down-th.img.susercontent.com/file/sg-11134201-822yn-mibcpg06483led,https://shopee.co.th/happyprice.sh/product/446101543/26632111701
26603501251,Deesay Lip Repair Serum 8g. ลิปดีเซย์ ลิปแก้ปากดำ บำรุงริมฝีปาก ลิปสักปาก ลิปรีแพร์ ลิปมัน,225.0,225.0,225.0,0,1,0,0,0,0,Deesay(ดีเซย์),True,False,False,search_api,https://down-th.img.susercontent.com/file/sg-11134201-7rd53-lwtwekszha4520,https://shopee.co.th/happyprice.sh/product/446101543/26603501251
26586906744,Asepso Body Wash ครีมอาบน้ำ อาเซปโซ ชำระล้างแบคทีเรียบนร่างกาย ขนาด 500 มล. (มี 3 สูตร),159.0,159.0,159.0,0,1,0,0,0,0,Asepso(อาเซปโซ),True,False,False,search_api,https://down-th.img.susercontent.com/file/sg-11134201-7ratm-ma6ounzzszb8dc,https://shopee.co.th/happyprice.sh/product/446101543/26586906744
26180878189,Winway Coffee กาแฟ วินเวย์ กาแฟสำหรับคนรักสุขภาพ ไม่มีส่วนผสมน้ำตาล ใช้น้ำมันรำข้าวแทนครีมเทียม (1 ห่อ 50 ซอง),289.0,289.0,289.0,0,1,0,0,0,1,Winway(วินเวย์),True,False,False,search_api,https://down-th.img.susercontent.com/file/sg-11134201-7rd6c-m7sx3ibumtgn6d,https://shopee.co.th/happyprice.sh/product/446101543/26180878189
26030951135,Plantnery Pomegranate AHA Extra White Red Body Serum 250 ml เซรั่มเจลแดงทับทิมเข้มข้น 18%,189.0,189.0,189.0,0,1,0,0,0,0,Plantnery(แพลนเนอรี่),True,False,False,search_api,https://down-th.img.susercontent.com/file/sg-11134201-7rd57-m7swebxqzm3r74,https://shopee.co.th/happyprice.sh/product/446101543/26030951135
25993140441,โฉมใหม่ !! SO-U Plus โซยูพลัส กาแฟ / โกโก้ / ชาไทย คุมหิว อิ่มนาน (1ห่อ 12ซอง),269.0,269.0,269.0,0,1,0,0,0,0,So-U(โซยู),True,False,False,search_api,https://down-th.img.susercontent.com/file/sg-11134201-7rd6b-m7sx33i0amjrfa,https://shopee.co.th/happyprice.sh/product/446101543/25993140441
25893575539,Bomi Liposo C+ โบมิ ไลโปโซ ซี พลัส วิตามินซีฟอร์มใหม่ ออกฤทธิ์นาน บรรจุ 30 เม็ด,359.0,359.0,359.0,0,1,0,0,0,0,Bomi(โบมิ),True,False,False,search_api,https://down-th.img.susercontent.com/file/sg-11134201-7repj-m877v5pewj3de6,https://shopee.co.th/happyprice.sh/product/446101543/25893575539
25822652678,สปาบ้านทุ่ง สครับสมุนไพรไทย Gold Colour Herbal Scrub By งามพริ้ง 290 g.,215.0,215.0,215.0,0,1,0,0,0,0,NP Ngam Pring(งามพริ้ง),True,False,False,search_api,https://down-th.img.susercontent.com/file/sg-11134201-7rcd8-lts9v6caqk36c9,https://shopee.co.th/happyprice.sh/product/446101543/25822652678
25793140447,กาแฟแสนรัก เอสเพรสโซ่ ไม่มีน้ำตาล ไขมันต่ำ ชงดื่มได้ทั้งร้อนและเย็น 1 ห่อ (30ซอง),269.0,269.0,269.0,0,1,0,0,0,0,Sanrak(แสนรัก),True,False,False,search_api,https://down-th.img.susercontent.com/file/sg-11134201-7rd5x-m7sx2w474yx38c,https://shopee.co.th/happyprice.sh/product/446101543/25793140447
25722655947,Plantnery Grape Seed Anti-Melasma Intense Serum 30ml. แพลนท์เนอรี่ เกรป ซีด,270.0,270.0,270.0,0,1,0,0,0,1,Plantnery(แพลนเนอรี่),True,False,False,search_api,https://down-th.img.susercontent.com/file/sg-11134201-7rcfc-lts9v3dh2vws40,https://shopee.co.th/happyprice.sh/product/446101543/25722655947
25597769170,MizuMi Enzyme Reju Facial Cleanser Bright 100 ml. วิปโฟมฟองนุ่ม ลดเลือนความหมองคล้ำ เผยผิวกระจ่างใส,199.0,199.0,199.0,0,1,0,0,0,0,MizuMi(มิชึมิ),True,False,False,search_api,https://down-th.img.susercontent.com/file/sg-11134201-8224w-mhk4pmuoe6f6b6,https://shopee.co.th/happyprice.sh/product/446101543/25597769170
25493575531,Crystallife น้ำมันรำข้าวคริสตัลไลฟ์ ผสมสารสกัดดอกดาวเรือง คริสตัลไลฟ์ (1 ขวด 60 เม็ด),279.0,279.0,279.0,0,1,0,0,0,0,Crystallife(คริสตัลไลฟ์),True,False,False,search_api,https://down-th.img.susercontent.com/file/sg-11134201-7reqh-m877uvxb7qgw9b,https://shopee.co.th/happyprice.sh/product/446101543/25493575531
25402871563,NUMJU - Vitamin Whitening Lotion (100 g.) โลชั่นวิตามินเกาหลีนัมจู,320.0,320.0,320.0,0,1,0,0,0,0,Numju(นัมจู),True,False,False,search_api,https://down-th.img.susercontent.com/file/sg-11134201-7rbmb-lnl7rc01xjbyed,https://shopee.co.th/happyprice.sh/product/446101543/25402871563
25402871433,Sewa Ultra Melas Shot อัลตร้า เมลาส ช็อต เซวาผง วิตตามินผิว (10 ซองx1กล่อง),420.0,420.0,420.0,0,1,0,0,0,0,Sewa(เซวา),True,False,False,search_api,https://down-th.img.susercontent.com/file/sg-11134201-7rbm5-loz87mhpa7dpd6,https://shopee.co.th/happyprice.sh/product/446101543/25402871433
25393575612,Dr.Gangnam Gluta Gangnam Plus+ กลูต้ากังนัมผิวกระจ่างใสลดสิว ฝ้า กระ จุดด่างดำ  (บรรจุ 15 ซอง),299.0,299.0,299.0,0,1,0,0,0,1,Dr.Gangnam(ดร.กังนัม),True,False,False,search_api,https://down-th.img.susercontent.com/file/sg-11134201-7rep4-m877utr2fol201,https://shopee.co.th/happyprice.sh/product/446101543/25393575612
25393140457,โฉมใหม่! Coffee Nine คอฟฟี่ไนน์ กาแฟเพื่อสุขภาพ (1ห่อ 30ซอง),345.0,345.0,345.0,0,1,0,0,0,0,Nine(ไนน์),True,False,False,search_api,https://down-th.img.susercontent.com/file/sg-11134201-7rd69-m7sx2seqiv9j38,https://shopee.co.th/happyprice.sh/product/446101543/25393140457
25302871793,Amado Gluta collagen Co-Q10 Plus Zinc  - อมาโด้กลูต้าคอลลาเจน (100g),445.0,445.0,445.0,0,1,1,5,2,0,Amado(อมาโด้),True,False,False,search_api,https://down-th.img.susercontent.com/file/sg-11134201-7rbkh-loz87jut52hpc9,https://shopee.co.th/happyprice.sh/product/446101543/25302871793
25302871467,ซีรั่มแผ่น Claire Triple C Skin Booster + Prebiotic Skin Repair Treatment Pad (กระปุกละ 60 แผ่น),590.0,590.0,590.0,0,1,5,5,2,5,Claire(แคลร์),True,False,False,search_api,https://down-th.img.susercontent.com/file/sg-11134201-7rbks-loz87fxaxkey11,https://shopee.co.th/happyprice.sh/product/446101543/25302871467
24737328449,MizuMi Gentle Acne Wash 45ml. มิซึมิ เจนทัล แอคเน่ วอช เจลอาบน้ำ ทำความสะอาดผิวหน้า ลดสิว ใช้ได้แม้ผิวแพ้ง่าย,59.0,59.0,59.0,0,1,0,0,0,0,MizuMi(มิชึมิ),True,False,False,search_api,https://down-th.img.susercontent.com/file/sg-11134201-7rdyu-m1mufak1lc90c2,https://shopee.co.th/happyprice.sh/product/446101543/24737328449
24582481378,ACNE-AID Gel Cleanser Sensitive Skin 100ml.,229.0,229.0,229.0,0,1,0,0,0,0,Acne Aid(แอคเน่เอด),True,False,False,search_api,https://down-th.img.susercontent.com/file/sg-11134201-7rd3z-lwqzhpahgzf61f,https://shopee.co.th/happyprice.sh/product/446101543/24582481378
24522581824,น้ำชงนาบี พลัส (Nabee Plus) ปริมาณ50กรัม,185.0,185.0,185.0,0,1,0,0,0,0,Nabee(นาบี),True,False,False,search_api,https://down-th.img.susercontent.com/file/sg-11134201-7rcek-ltrmrawn6kds3b,https://shopee.co.th/happyprice.sh/product/446101543/24522581824
24482481397,Acne-Aid แอคเน่-เอด โฟมมิ่ง เฟซ วอช ออยล์ คอนโทรล 100 มล.,255.0,255.0,255.0,0,1,0,0,0,0,Acne Aid(แอคเน่เอด),True,False,False,search_api,https://down-th.img.susercontent.com/file/sg-11134201-7rd4q-lwqzhnhk40557e,https://shopee.co.th/happyprice.sh/product/446101543/24482481397
24452895715,Bootchy White ครีมบูทชี่ไวท์ ครีมลดรอยดำ ผิวแตกลาย (50กรัม),390.0,390.0,390.0,0,1,0,0,0,0,Bootchy White(บูทซี่ไวท์),True,False,False,search_api,https://down-th.img.susercontent.com/file/sg-11134201-7rbk9-lozk7iqkdwjs40,https://shopee.co.th/happyprice.sh/product/446101543/24452895715
24382571898,เซราวี CERAVE Moisturising Cream ครีมบำรุงผิวหน้าและผิวกายสำหรับผิวแห้งมาก 454g,720.0,720.0,720.0,0,1,0,0,0,0,Cerave(เซราวี),True,False,False,search_api,https://down-th.img.susercontent.com/file/sg-11134201-7rd6n-lwtwegu3aepp6b,https://shopee.co.th/happyprice.sh/product/446101543/24382571898
24343130714,Dr.Jel LF Lean Fast & Longevity Fit ผลิตภัณฑ์เสริมอาหารแอลเอฟ ด็อกเตอร์เจล (1กล่อง 10เม็ด),460.0,460.0,460.0,0,1,0,0,0,0,Dr.Jel(ด็อกเตอร์ เจล),True,False,False,search_api,https://down-th.img.susercontent.com/file/sg-11134201-7rd5z-m7sx3ydj429kb7,https://shopee.co.th/happyprice.sh/product/446101543/24343130714
24152666177,NAREEYA PLUS นารีญาพลัส ผลิตภัณฑ์เสริมอาหารสำหรับผู้หญิง อกฟู ตกขาว น้องมีกลิ่น อัพไซส์ (60เม็ด),269.0,269.0,269.0,0,1,0,0,0,0,Nareeya(นารีญา),True,False,False,search_api,https://down-th.img.susercontent.com/file/th-11134207-7rasa-m15fpfqn6lh046,https://shopee.co.th/happyprice.sh/product/446101543/24152666177
24072607692,โปรทริว่า แบล็ค ซีดส์ น้ำมันงาดำสกัดเย็น PROTRIVA BLACK SEEDS (1กระปุก 30แคปซูล),330.0,330.0,330.0,0,1,2,5,2,0,Suphap Osod(สุภาพโอสถ),True,False,False,search_api,https://down-th.img.susercontent.com/file/sg-11134201-7rcdf-ltrt7vg8z5ya11,https://shopee.co.th/happyprice.sh/product/446101543/24072607692
24052770734,Nature's Truth Super Green 10 Gummies กัมมี่วิตามินผักรวม 10 ชนิด รสแอปเปิ้ลเขียว (60เม็ด),690.0,690.0,690.0,0,1,0,0,0,0,Nature’s Truth(เนเจอร์ ทรูธ),True,False,False,search_api,https://down-th.img.susercontent.com/file/sg-11134201-7rblo-loxqmkh75kpa61,https://shopee.co.th/happyprice.sh/product/446101543/24052770734
23462269029,กาแฟ เห็ดหลินจือ ไบโอริช Bio Reishi Coffee (20ซอง) UNICITY,549.0,549.0,549.0,0,1,5,5,2,0,Bioreishi(บิโอเรอิชิ),True,False,False,search_api,https://down-th.img.susercontent.com/file/sg-11134201-7rbl9-loxqn2q8eo4l1a,https://shopee.co.th/happyprice.sh/product/446101543/23462269029
22587687568,Auswelllife Liquid Calcium ออสเวลไลฟ์ ลิควิดแคลเซียม (30 แคปซูล),450.0,450.0,450.0,0,1,8,5,8,3,Auswelllife(ออสเวลไลฟ์),True,False,False,search_api,https://down-th.img.susercontent.com/file/sg-11134201-7rfic-m9o6w4u1jl954f,https://shopee.co.th/happyprice.sh/product/446101543/22587687568
22062365078,Mizumi PHA 10 Smooth Body Serum เซรั่มบำรุงผิวกาย กู้ผิวหยาบ ขนคุด 250มล.,299.0,299.0,299.0,0,1,0,0,0,3,MizuMi(มิชึมิ),True,False,False,search_api,https://down-th.img.susercontent.com/file/sg-11134201-7rbki-lozk7gpl9veua4,https://shopee.co.th/happyprice.sh/product/446101543/22062365078
21886797039,Deesay Lip Repair Serum ขนาด 8ML. ลิปรีแพร์ ลิปสักปาก ลิปดีเซย์,190.0,190.0,190.0,0,1,0,0,0,0,Deesay(ดีเซย์),True,False,False,search_api,https://down-th.img.susercontent.com/file/sg-11134201-7rblw-lozk7cj7dymy12,https://shopee.co.th/happyprice.sh/product/446101543/21886797039
21786797346,RACHI Extra Uv Protection SPF 50PA+++ 10 g.  กันแดดราชิ คุมมันกันน้ำ,225.0,225.0,225.0,0,1,0,0,0,0,Rachi(ราชิ),True,False,False,search_api,https://down-th.img.susercontent.com/file/sg-11134201-7rbn7-lozk7bbn5ow6e7,https://shopee.co.th/happyprice.sh/product/446101543/21786797346
15298519754,SHIROI ครีมชิโรอิ กลูต้าบำรุงผิว ผิวกระจ่างใส ลดรอยด่างดำ 500ml.,290.0,550.0,290.0,0,1,0,0,0,0,Shiroi(ชิโรอิ),True,False,False,search_api,https://down-th.img.susercontent.com/file/sg-11134201-7rbnl-low9qhzulaqid8,https://shopee.co.th/happyprice.sh/product/446101543/15298519754
22600606169,Be Easy Cappuccino be easy กาแฟนางบี Be Easy Coffee 1 ห่อมี 10 ซอง (70 Kcal /1ซอง),150.0,150.0,150.0,0,0,6,5,4,0,Be Easy(บีอีซี่),False,False,True,item_api,https://down-th.img.susercontent.com/file/sg-11134201-22120-zkymaq768qkvcf,https://shopee.co.th/happyprice.sh/product/446101543/22600606169
21839479378,Amado Silver II Collagen Type II Plus Calcium Vitamin B คอลลาเจนกระป๋องเงินสูตรใหม่ 100กรัม,449.0,449.0,449.0,0,0,3,5,2,0,Amado(อมาโด้),False,False,True,item_api,https://down-th.img.susercontent.com/file/th-11134207-7r992-lw6tukkyv00ff9,https://shopee.co.th/happyprice.sh/product/446101543/21839479378
16414231454,[สูตรใหม่! 100g.] AMADO COLLIGI COLLAGEN อมาโด้ คอลลิจิ คอลลาเจน คอลลาเจนจากปลาทะเลน้ำลึก ไตรเปปไทด์,380.0,930.0,380.0,0,200,0,0,0,2,Amado(อมาโด้),True,False,True,item_api,https://down-th.img.susercontent.com/file/sg-11134201-822xu-mofb2w0p2jgpc6,https://shopee.co.th/happyprice.sh/product/446101543/16414231454
14205648359,PHYTOVY (ไฟโตวี่) ใยอาหารเพิ่มกากในระบบทางเดินอาหาร ดีต่อระบบขับถ่าย ดีท็อกซ์ลำไส้ (1กล่อง15 ซอง),1070.0,1070.0,1070.0,0,10,4,3,4,0,Phytovy(ไฟโตวี่),True,False,True,item_api,https://down-th.img.susercontent.com/file/th-11134207-7rasl-m158jsjib96c1c,https://shopee.co.th/happyprice.sh/product/446101543/14205648359
25493575589,herb gold เฮิร์บโกลด์ รีฟิล ครีมสมุนไพรสกัดจากธรรมชาติ 12 ชนิด ขนาด 30 กรัม,570.0,570.0,570.0,0,100,182,4.95,122,6,Herb Gold(เฮิร์บโกลด์),True,False,True,item_api,https://down-th.img.susercontent.com/file/sg-11134201-7rent-m877ux55fmw969,https://shopee.co.th/happyprice.sh/product/446101543/25493575589
42526755047,Honey Q ไฟเบอร์ แอปเปิ้ล ไซเดอร์ วิเนก้าร์ (10 ซอง/กล่อง),290.0,290.0,290.0,0,0,20,0,0,0,Honey Q(ฮันนี่คิว),False,False,True,item_api,https://down-th.img.susercontent.com/file/sg-11134201-8227r-mhhh4jjy0d1ib0,https://shopee.co.th/happyprice.sh/product/446101543/42526755047
44364299599,BioActive+ Concentrated Liquid Gluta รสชาติ สตรอ์เบอร์รี ลิ้นจี่ (1กล่องมี10หลอด),650.0,650.0,650.0,0,0,0,0,0,0,Bioactive+(ไบโอแอคทีฟพลัส),False,False,True,item_api,https://down-th.img.susercontent.com/file/sg-11134201-7rdw0-mdocu7xkof15e6,https://shopee.co.th/happyprice.sh/product/446101543/44364299599
44050270950,Amado Colligi Collagen อมาโด้ คอลลิจิ คอลลาเจน ไตรเปบไทด์ พลัส วิตามินซี (100 กรัม),290.0,290.0,290.0,0,0,0,0,0,0,Amado(อมาโด้),False,False,True,item_api,https://down-th.img.susercontent.com/file/sg-11134201-7rffe-m9jqx27wwc137e,https://shopee.co.th/happyprice.sh/product/446101543/44050270950
26703501308,MILLE บอดี้ไพรเมอร์ BLINK BRIGHT BODY PRIMER CREAM 150 G.,320.0,320.0,320.0,0,0,0,0,0,1,Mille(มิลเล่),False,False,True,item_api,https://down-th.img.susercontent.com/file/sg-11134201-7rd6p-lwtwerohf3j15c,https://shopee.co.th/happyprice.sh/product/446101543/26703501308
24372622209,Zhulian Coffee Plus ซูเลียนคอฟฟี่พลัส กาแฟผสมโสม เพื่อสุขภาพ ปรุงสำเร็จ ผสมโสม (40ซอง),540.0,540.0,540.0,0,0,5,5,6,0,Zhulian(ซูเลียน),False,False,True,item_api,https://down-th.img.susercontent.com/file/sg-11134201-7rccp-ltrvq5b37dzib0,https://shopee.co.th/happyprice.sh/product/446101543/24372622209
24252771216,BOMI AQUA LUMINA AQUA BOOSTA โบมิ อะควา ลูมินา (30แคปซูล ),299.0,299.0,299.0,0,0,1,5,2,1,Bomi(โบมิ),False,False,True,item_api,https://down-th.img.susercontent.com/file/sg-11134201-7rbkc-loxqn12audui28,https://shopee.co.th/happyprice.sh/product/446101543/24252771216
22162365025,AURA ME AURMEA beauty face cream Dipeptide ครีมเครียร์ฝ้า ครีมออร่ามี แก้ฝ้า 15กรัม,490.0,490.0,490.0,0,0,0,0,0,1,Aura Me(ออร่า มี),False,False,True,item_api,https://down-th.img.susercontent.com/file/sg-11134201-7rbll-lozk7n280pha33,https://shopee.co.th/happyprice.sh/product/446101543/22162365025
